{
    "normals":[0.951057,0,-0.309017,0.951057,0,-0.309017,0.951057,0,-0.309017,0.951057,0,-0.309017,0,0,-1,0,0,-1,0,-0,-1,0,0,-1,-0.587785,0,0.809017,-0.587785,0,0.809017,-0.587785,-0,0.809017,-0.587785,0,0.809017,0.587785,0,0.809017,0.587786,-0,0.809017,0.587785,-0,0.809017,0.587785,0,0.809017,0.951056,0,-0.309017,0.951057,0,-0.309017,0.951057,0,-0.309017,0.951057,-0,-0.309017,0,-1,0,-0,-1,-0,0,-1,0,0,-1,0,-0,-1,0,-0,-1,0,-0,-1,0,0,-1,0,-0,-1,0,0,-1,0,0,-1,0,0,-1,0,-0,-1,0,-0,-1,0,0,-1,-0,-0,-1,0,-0,1,-0,0,1,-0,0,1,-0,-0,1,-0,0,1,-0,0,1,0,0,1,-0,0,1,-0,0.809017,0,0.587785,0.809017,-0,0.587785,0.809017,-0,0.587785,0.809017,0,0.587785,0,-0,-1,-0,0,-1,-0,-0,-1,-0,0,-1,-0,1,-0,-0,1,-0,0,1,0,-0,1,-0,-0.951057,-0,-0.309016,-0.951056,0,-0.309017,-0.951057,1e-06,-0.309017,-0.951057,-1e-06,-0.309017,0.809017,0,-0.587785,0.809017,0,-0.587785,0.809017,-0,-0.587785,-0.309017,-0,-0.951056,-0.309017,0,-0.951056,-0.309017,0,-0.951056,-0.309017,-0,-0.951056,-0.587785,0,0.809017,-0.587785,0,0.809017,-0.587785,0,0.809017,-0.587785,-1e-06,0.809017,0,1,-0,-0,1,-0,-0,1,0,0,1,-0,0.587786,0,0.809017,0.587785,-0,0.809017,0.587785,0,0.809017,0.587785,0,0.809017,-1,-0,-0,-1,0,-0,-1,-0,-0,-1,0,-0,-0.309017,0,0.951057,-0.309017,0,0.951057,-0.309017,0,0.951057,-0.809017,0,0.587785,-0.809017,0,0.587785,-0.809017,-0,0.587785,-0.951057,-0,-0.309017,-0.951056,0,-0.309017,-0.951057,0,-0.309017,-0.951057,-0,-0.309017,0.309017,0,0.951056,0.309017,-0,0.951056,0.309017,0,0.951056,0.309017,0,0.951056,1,0,0,1,-0,0,1,0,0,1,-0,0,0.309017,0,-0.951057,0.309017,0,-0.951057,0.309017,0,-0.951057,0.309017,-0,-0.951057,-0.809017,-0,-0.587785,-0.809017,0,-0.587785,-0.809017,-0,-0.587785,-0.809017,-0,-0.587785,-0,-1,-2e-06,-2e-06,-1,-1e-06,0,-1,0,2e-06,-1,-2e-06,0,0.689151,-0.724618,-0.689152,0.689152,-0.223918,-0.425918,0.689152,0.586228,0.42592,0.689151,0.586227,0.689152,0.689152,-0.22392,0,0.62896,0.777437,0.739387,0.62896,0.240241,0.456966,0.62896,-0.62896,-0.456966,0.62896,-0.62896,-0.739387,0.62896,0.240242,0,-0.689151,-0.724618,-0.689152,-0.689152,-0.223918,-0.425918,-0.689152,0.586228,0.42592,-0.689151,0.586227,0.689152,-0.689152,-0.22392,0,-0.62896,0.777437,0.739387,-0.62896,0.240241,0.456966,-0.62896,-0.62896,-0.456966,-0.62896,-0.62896,-0.739387,-0.62896,0.240242,0,1,-2e-06,2e-06,1,-2e-06,-0,1,-0,-2e-06,1,-2e-06],
    "metadata":{
        "vertices":70,
        "version":3,
        "type":"Geometry",
        "uvs":0,
        "normals":137,
        "generator":"io_three",
        "materials":1,
        "faces":140
    },
    "vertices":[-0.560881,0.159401,0.30702,0.599444,0.159401,0.30702,0.377842,0.159401,-0.375002,-0.339278,0.159401,-0.375002,0.019282,0.159401,0.728533,-0.560881,-0.000304,0.30702,0.599444,-0.000304,0.30702,0.377842,-0.000304,-0.375002,-0.339278,-0.000304,-0.375002,0.019282,-0.000304,0.728533,-0.005393,0.159399,-1.40259,0.043957,0.159399,-1.40259,0.019282,0.079548,-1.47854,-1.4996,0.079551,-0.375002,-1.435,0.159401,-0.328067,-1.41975,0.159401,-0.375002,-0.919441,0.079551,1.41056,-0.854841,0.159401,1.36362,-0.894766,0.159401,1.33461,0.958004,0.079551,1.41056,0.933329,0.159401,1.33461,0.893404,0.159401,1.36362,1.53817,0.079551,-0.375002,1.45832,0.159401,-0.375002,1.47357,0.159401,-0.328067,0.019282,0.079551,0.118514,0.066216,0.159401,0.053914,-0.027653,0.159401,0.053914,0.019282,0.079551,0.118514,-0.027653,0.159401,0.053914,-0.05666,0.159401,0.143189,0.019282,0.079551,0.118514,-0.05666,0.159401,0.143189,0.019282,0.159401,0.198364,0.019282,0.079551,0.118514,0.019282,0.159401,0.198364,0.095224,0.159401,0.143189,0.019282,0.079551,0.118514,0.095224,0.159401,0.143189,0.066216,0.159401,0.053914,0.019282,0.079548,-1.47854,0.043957,-0.000302,-1.40259,-0.005393,-0.000302,-1.40259,-1.41975,-0.000304,-0.375002,-1.435,-0.000304,-0.328067,-1.4996,0.079546,-0.375002,-0.894766,-0.000304,1.33461,-0.854841,-0.000304,1.36362,-0.919441,0.079546,1.41056,0.893404,-0.000304,1.36362,0.933329,-0.000304,1.33461,0.958004,0.079546,1.41056,1.47357,-0.000304,-0.328067,1.45832,-0.000304,-0.375002,1.53817,0.079546,-0.375002,-0.027653,-0.000304,0.053914,0.066216,-0.000304,0.053914,0.019282,0.079546,0.118514,-0.05666,-0.000304,0.143189,-0.027653,-0.000304,0.053914,0.019282,0.079546,0.118514,0.019282,-0.000304,0.198364,-0.05666,-0.000304,0.143189,0.019282,0.079546,0.118514,0.095224,-0.000304,0.143189,0.019282,-0.000304,0.198364,0.019282,0.079546,0.118514,0.066216,-0.000304,0.053914,0.095224,-0.000304,0.143189,0.019282,0.079546,0.118514],
    "materials":[{
        "opacity":1,
        "depthTest":true,
        "DbgName":"Material.001",
        "colorDiffuse":[0.64,0.391873,0.018153],
        "depthWrite":true,
        "DbgIndex":0,
        "shading":"phong",
        "specularCoef":50,
        "colorSpecular":[0.5,0.5,0.5],
        "visible":true,
        "transparent":false,
        "wireframe":false,
        "blending":"NormalBlending",
        "colorEmissive":[0.32,0.195937,0.009077],
        "DbgColor":15658734
    }],