{
    "normals":[-0,-1,0,0,1,-0,-1,4e-06,-1e-06,0,-5e-06,-1,1,-1.2e-05,0,-0,1.1e-05,1],
    "metadata":{
        "vertices":8,
        "version":3,
        "type":"Geometry",
        "uvs":1,
        "normals":6,
        "generator":"io_three",
        "materials":1,
        "faces":6
    },
    "vertices":[2.85306,0.029,-1.64259,2.85306,0.029,1.64259,-2.85306,0.029,1.64259,-2.85306,0.029,-1.64259,2.85307,-0.029,-1.64259,2.85306,-0.029,1.64259,-2.85307,-0.029,1.64259,-2.85306,-0.029,-1.64259],
    "materials":[{
        "opacity":1,
        "depthTest":true,
        "DbgName":"Material",
        "colorDiffuse":[0.64,0.64,0.64],
        "depthWrite":true,
        "DbgIndex":0,
        "shading":"phong",
        "specularCoef":50,
        "colorSpecular":[0.5,0.5,0.5],
        "visible":true,
        "transparent":false,
        "wireframe":false,
        "blending":"NormalBlending",
        "colorEmissive":[0,0,0],
        "DbgColor":15658734
    }],
    "faces":[43,0,1,2,3,0,0,1,2,3,0,0,0,0,43,4,7,6,5,0,4,5,6,7,1,1,1,1,43,0,4,5,1,0,8,9,10,11,2,2,2,2,43,1,5,6,2,0,12,13,14,15,3,3,3,3,43,2,6,7,3,0,16,17,18,19,4,4,4,4,43,4,0,3,7,0,20,21,22,23,5,5,5,5],
    "uvs":[[0.006756,0.01009,0.986577,0.01009,0.986577,0.98991,0.006756,0.98991,0.994031,0.005969,0.994031,0.994031,0.005969,0.994031,0.005969,0.005969,0.666667,0.333333,0.333333,0.333333,0.333333,0,0.666667,0,0,0.333333,0,0,0.333333,0,0.333333,0.333333,1,0.333333,0.666667,0.333333,0.666667,0,1,0,0.333333,0.333333,0.666667,0.333333,0.666667,0.666667,0.333333,0.666667]]
}